{
  "products": [
    {
      "id": 1,
      "category": "milk",
      "productName": "Bottled Milk",
      "description": "500ml bottle pack",
      "price": "30",
      "image": "dairies/milk.jpg",
      "nutritionalValue": "rich in calcium. good for bones"
    },
    {
      "id": 2,
      "category": "milk",
      "productName": "Milk Bottles",
      "description": "3 x 500ml bottle pack",
      "price": "110",
      "image": "dairies/milk_bottles.jpg",
      "nutritionalValue": "rich in calcium. good for bones"
    },
    {
      "id": 3,
      "category": "milk",
      "productName": "Milk Tetra Pack",
      "description": "1 litre bottle pack",
      "price": "100",
      "image": "dairies/milk_tetra.jpg",
      "nutritionalValue": "rich in calcium. good for bones"
    },
    {
      "id": 4,
      "category": "butter",
      "productName": "Salted Butter",
      "description": "100gm packet",
      "price": "50",
      "image": "dairies/butter.jpg",
      "nutritionalValue": "rich in sodium and calcium. good for joints"
    },
    {
      "id": 5,
      "category": "buttermilk",
      "productName": "Plain Buttermilk",
      "description": "500ml pack",
      "price": "20",
      "image": "dairies/buttermilk.jpg",
      "nutritionalValue": "rich in calcium. low calories. improves metabolism"
    },
    {
      "id": 6,
      "category": "cheese",
      "productName": "Cheese Cubes",
      "description": "pack of 6 cubes",
      "price": "80",
      "image": "dairies/cheese_cubes.jpg",
      "nutritionalValue": "rich in protien, high calorific, energy booster"
    },
    {
      "id": 7,
      "category": "cheese",
      "productName": "Cheese Slice",
      "description": "pack of 5 slices",
      "price": "60",
      "image": "dairies/cheese_sliced.jpg",
      "nutritionalValue": "rich in protien, high calorific, energy booster"
    },
    {
      "id": 8,
      "category": "cheese",
      "productName": "Cheese Spread",
      "description": "200gm pack",
      "price": "500",
      "image": "dairies/cheese_spread.jpg",
      "nutritionalValue": "rich in protien, high calorific, energy booster"
    },
    {
      "id": 9,
      "category": "milk",
      "productName": "Cow Milk",
      "description": "500ml bottle pack",
      "price": "32",
      "image": "dairies/cow_milk.jpg",
      "nutritionalValue": "rich in calcium. good for bones, lowers bad cholesterol"
    },
    {
      "id": 10,
      "category": "milk",
      "productName": "Cow Milk Tetra Pack",
      "description": "1 litre tetra pack",
      "price": "60",
      "image": "dairies/cow_milk_tetra_pack.jpg",
      "nutritionalValue": "rich in calcium. good for bones, lowers bad cholesterol"
    },
    {
      "id": 11,
      "category": "curd",
      "productName": "Plain Curd",
      "description": "500gm pack",
      "price": "25",
      "image": "dairies/curd.jpg",
      "nutritionalValue": "rich in calcium. good for bones. improves metabolism"
    },
    {
      "id": 12,
      "category": "cream",
      "productName": "Fresh Cream",
      "description": "500gm pack",
      "price": "200",
      "image": "dairies/fresh_cream.jpg",
      "nutritionalValue": "rich in protein and calcium. good for bones"
    },
    {
      "id": 13,
      "category": "yogurt",
      "productName": "Fruit Yogurt",
      "description": "500gm pack",
      "price": "60",
      "image": "dairies/fruit_yogurt.jpg",
      "nutritionalValue": "high fibre, high protein, rich in calcium"
    },
    {
      "id": 14,
      "category": "ghee",
      "productName": "Cow Ghee",
      "description": "250gm pack",
      "price": "100",
      "image": "dairies/ghee.jpg",
      "nutritionalValue": "rich in calcium, protein."
    },
    {
      "id": 15,
      "category": "yogurt",
      "productName": "Healthy Yogurt",
      "description": "200gm pack",
      "price": "500",
      "image": "dairies/healthy_yogurt.jpg",
      "nutritionalValue": "rich in calcium"
    },
    {
      "id": 16,
      "category": "butter",
      "productName": "White Butter",
      "description": "200gm pack",
      "price": "100",
      "image": "dairies/homemade_white_butter.jpg",
      "nutritionalValue": "rich in calcium. good for bones, lowers bad cholesterol"
    },
    {
      "id": 17,
      "category": "paneer",
      "productName": "Paneer - Cottage Cheese",
      "description": "200gm pack",
      "price": "100",
      "image": "dairies/paneer.jpg",
      "nutritionalValue": "rich in protein, calcium. increases good cholesterol"
    },
    {
      "id": 18,
      "category": "butter",
      "productName": "Peanut Butter",
      "description": "250gm pack",
      "price": "200",
      "image": "dairies/peanut_butter.jpg",
      "nutritionalValue": "rich in protein, good for hair and eyes"
    },
    {
      "id": 19,
      "category": "yogurt",
      "productName": "Plain Yogurt - Sweet",
      "description": "150gm pack",
      "price": "30",
      "image": "dairies/plain_yogurt.jpg",
      "nutritionalValue": "rich in calcium, fiber and proteins"
    }
  ],
  "orders": [
    {
      "firstName": "James",
      "address": "A-1704, Ekta Bhumi Garden 3 Off Dattapada Road,",
      "productName": "Plain Buttermilk",
      "city": "Mumbai",
      "contact": "9920998416",
      "deliveryDate": "2024-03-07T06:02:20.367Z",
      "email": "james.mathew@stackroute.in",
      "lastName": "Mathew",
      "postalCode": "40006",
      "quantity": 1,
      "state": "Maharashtra",
      "middleName": "Mihir",
      "id": 1
    }
  ]
}
